Sentence,Category
The project deadline was approaching rapidly.,Situation
I conducted a thorough market analysis to identify trends.,Action
We successfully exceeded our sales target by 25%.,Result
The weather was unpredictable.,Situation
I decided to implement a new training program.,Action
The team won the championship after months of hard work.,Result
The meeting room was already occupied.,Situation
I negotiated a better contract with the supplier.,Action
Our customer satisfaction ratings improved significantly.,Result
The software update caused several bugs.,Situation
I developed a detailed project plan.,Action
"The event was a huge success, with high attendance.",Result
The equipment malfunctioned during the test.,Situation
I led a team to streamline the operations.,Action
We achieved a 15% reduction in costs.,Result
The internet connection was unstable.,Situation
I organized a series of workshops.,Action
The feedback from participants was overwhelmingly positive.,Result
The conference was scheduled for next week.,Situation
I launched a new marketing campaign.,Action
Our brand visibility increased by 30%.,Result
The shipment was delayed due to customs issues.,Situation
I optimized the website for better performance.,Action
The website traffic increased significantly.,Result
The client requirements changed unexpectedly.,Situation
I streamlined the hiring process.,Action
Our recruitment time was reduced by 20%.,Result
The office building was under renovation.,Situation
I conducted user testing to gather feedback.,Action
The user experience ratings went up.,Result
The team was understaffed.,Situation
I automated the data entry process.,Action
Our efficiency increased by 40%.,Result
The power outage disrupted operations.,Situation
I conducted a risk assessment.,Action
The project was completed ahead of schedule.,Result
The server crashed unexpectedly.,Situation
I implemented a new CRM system.,Action
Our customer management improved.,Result
The competitors launched a new product.,Situation
I organized a successful promotional event.,Action
The sales figures showed a notable increase.,Result
The budget was significantly reduced.,Situation
I improved the internal communication process.,Action
Employee satisfaction ratings improved.,Result
The market conditions were volatile.,Situation
I developed a comprehensive training program.,Action
Employee productivity increased.,Result
The system upgrade caused compatibility issues.,Situation
I restructured the team for better efficiency.,Action
Team collaboration improved.,Result
The product launch was postponed.,Situation
I initiated a cross-departmental project.,Action
Interdepartmental communication improved.,Result
The software had a critical vulnerability.,Situation
I conducted a security audit.,Action
The system security was enhanced.,Result
The supplier quality was inconsistent.,Situation
I negotiated better terms with the suppliers.,Action
Our supply chain became more reliable.,Result
The market demand was declining.,Situation
I organized team-building activities.,Action
Employee engagement levels rose.,Result
The sales team was underperforming.,Situation
I introduced new innovative features.,Action
Customer interest in the product increased.,Result
The customer reviews were mixed.,Situation
I led the customer support team.,Action
Customer satisfaction improved.,Result
The network was experiencing downtime.,Situation
I managed the data migration process.,Action
The data was successfully migrated without issues.,Result
The production costs were escalating.,Situation
I identified several areas for cost reduction.,Action
Overall costs were reduced by 10%.,Result
The regulatory requirements were changing.,Situation
I developed a compliance framework.,Action
The company met all regulatory requirements.,Result
The product demand exceeded supply.,Situation
I negotiated with suppliers for faster delivery.,Action
The supply chain issues were resolved.,Result
The project scope was not clearly defined.,Situation
"I organized a stakeholder meeting.",Action
"The project objectives were clearly defined.",Result
The industry trends were shifting.,Situation
"I conducted a competitor analysis.",Action
"The company adapted its strategy accordingly.",Result
The team was lacking necessary skills.,Situation
"I provided training sessions.",Action
"The team skill set improved.",Result
The software project was behind schedule.,Situation
"I reallocated resources to meet deadlines.",Action
"The project was back on track.",Result
The project budget was overrun.,Situation
"I reviewed and adjusted the budget.",Action
"The project was completed within the revised budget.",Result
The product quality was below expectations.,Situation
"I introduced a new quality assurance process.",Action
"The product quality improved.",Result
The market was becoming saturated.,Situation
"I conducted market research.",Action
"New potential markets were identified.",Result
The user interface was not user-friendly.,Situation
"I developed a new user interface.",Action
"The user satisfaction increased.",Result
The customer feedback was negative.,Situation
"I led the product improvement team.",Action
"The product received better reviews.",Result
The sales targets were not being met.,Situation
"I implemented a new sales strategy.",Action
"The sales figures improved.",Result
The competition was increasing.,Situation
"I developed unique selling points.",Action
"The product stood out in the market.",Result
The team was experiencing burnout.,Situation
"I introduced wellness programs.",Action
"The team morale improved.",Result
The system was not user-friendly.,Situation
"I redesigned the system interface.",Action
"User adoption rates increased.",Result
The market analysis was incomplete.,Situation
"I gathered additional data.",Action
"The market analysis was comprehensive.",Result
The product launch was not well-received.,Situation
"I developed a new marketing strategy.",Action
"The product gained more traction.",Result
The project team was not collaborating effectively.,Situation
"I organized team-building exercises.",Action
"Team collaboration improved.",Result
The production process was inefficient.,Situation
"I implemented lean manufacturing principles.",Action
"Production efficiency increased.",Result
The product packaging was not appealing.,Situation
"I created a new packaging design.",Action
"The product packaging was well-received.",Result
The customer service response time was slow.,Situation
"I optimized the customer service process.",Action
"Response times improved significantly.",Result
The market conditions were unfavorable.,Situation
"I created a new strategic plan.",Action
"The business adapted to the new conditions.",Result
The team was facing communication issues.,Situation
"I introduced new communication tools.",Action
"Team communication improved.",Result
The project had scope creep.,Situation
"I implemented scope control measures.",Action
"The project scope was controlled.",Result
The quality control process was lacking.,Situation
"I introduced new quality control measures.",Action
"Quality standards improved.",Result
The company's reputation was at risk.,Situation
"I developed a crisis management plan.",Action
"The company's reputation was restored.",Result
The client was unhappy with the service.,Situation
"I conducted a client satisfaction survey.",Action
"Client satisfaction improved.",Result
The software had multiple bugs.,Situation
"I led the bug fixing team.",Action
"The software bugs were resolved.",Result
The team lacked direction.,Situation
"I facilitated goal-setting sessions.",Action
"The team had clear objectives.",Result
The market research was outdated.,Situation
"I conducted a new market study.",Action
"The market research was up-to-date.",Result
The production line was slow.,Situation
"I optimized the production process.",Action
"Production speed increased.",Result
The customer feedback was not being addressed.,Situation
"I implemented a feedback management system.",Action
"Customer feedback was effectively addressed.",Result
The team was resistant to change.,Situation
"I introduced change management practices.",Action
"The team adapted to the change.",Result
The budget constraints were tight.,Situation
"I prioritized spending and cut costs.",Action
"The budget was managed within limits.",Result
The team had low motivation.,Situation
"I introduced incentive programs.",Action
"Team motivation increased.",Result
The client project was complex.,Situation
"I broke the project into manageable tasks.",Action
"The project was completed successfully.",Result
The sales strategy was outdated.,Situation
"I created a new sales plan.",Action
"Sales performance improved.",Result
The user training was insufficient.,Situation
"I developed comprehensive training materials.",Action
"User competency improved.",Result
The software performance was lagging.,Situation
"I optimized the software code.",Action
"Software performance improved.",Result
The project was lacking resources.,Situation
"I obtained the necessary resources.",Action
"The project was completed on time.",Result
The marketing campaign was ineffective.,Situation
"I created a new marketing approach.",Action
"The campaign results improved.",Result
The product design was outdated.,Situation
"I developed a new product design.",Action
"The product was well-received.",Result
The customer service was inadequate.,Situation
"I implemented a new customer service training.",Action
"Customer service ratings improved.",Result
The market research was inaccurate.,Situation
"I gathered accurate market data.",Action
"The market research was reliable.",Result
The production costs were high.,Situation
"I found ways to cut production expenses.",Action
"Production costs were reduced.",Result
The product recall affected reputation.,Situation
"I communicated effectively with customers.",Action
"The company's reputation was preserved.",Result
The client project was delayed.,Situation
"I expedited the project tasks.",Action
"The project was delivered on time.",Result
The team was not meeting deadlines.,Situation
"I introduced stricter deadline policies.",Action
"The team met all future deadlines.",Result
The product prototype had flaws.,Situation
"I worked on improving the design.",Action
"The final prototype met all specifications.",Result
The market trends were unfavorable.,Situation
"I developed a new strategic approach.",Action
"The business adapted to the market trends.",Result
The supply chain was disrupted.,Situation
"I negotiated with new suppliers.",Action
"The supply chain was stabilized.",Result
The quality of the product was inconsistent.,Situation
"I implemented quality assurance processes.",Action
"The product quality became consistent.",Result
The project team lacked experience.,Situation
"I provided extensive training.",Action
"The team's performance improved.",Result
The marketing budget was limited.,Situation
"I prioritized high-impact marketing activities.",Action
"The marketing ROI improved.",Result
The product was not user-friendly.,Situation
"I created a more user-friendly design.",Action
"User satisfaction increased.",Result
The team was not collaborating well.,Situation
"I facilitated team-building activities.",Action
"Team collaboration improved.",Result
The customer complaints were increasing.,Situation
"I improved the customer service process.",Action
"Customer complaints decreased.",Result
The project scope was expanding.,Situation
"I implemented scope control measures.",Action
"The project scope was managed effectively.",Result
The product was not meeting market needs.,Situation
"I conducted a market needs analysis.",Action
"The product was redesigned to meet market needs.",Result
The team was overworked.,Situation
"I redistributed the workload.",Action
"The team's workload was balanced.",Result
The product launch date was approaching.,Situation
"I coordinated the final development steps.",Action
"The product was launched on time.",Result
The project requirements were unclear.,Situation
"I gathered detailed requirements.",Action
"The project requirements were clearly defined.",Result
The sales performance was declining.,Situation
"I developed a new sales strategy.",Action
"Sales performance improved.",Result
The customer expectations were high.,Situation
"I provided exceptional customer service.",Action
"Customer expectations were exceeded.",Result
The project faced numerous risks.,Situation
"I conducted a risk assessment.",Action
"The project risks were mitigated.",Result
The team's performance was inconsistent.,Situation
"I introduced performance metrics.",Action
"Team performance stabilized.",Result
The software had security vulnerabilities.,Situation
"I implemented security measures.",Action
"The software was secure.",Result
The product had a high return rate.,Situation
"I improved the product quality.",Action
"The return rate decreased.",Result
The project was underfunded.,Situation
"I obtained additional funding.",Action
"The project was completed successfully.",Result
The marketing message was unclear.,Situation
"I developed clear and concise marketing materials.",Action
"The marketing message was well-received.",Result
The team lacked leadership.,Situation
"I stepped up to lead the team.",Action
"The team's performance improved.",Result
The product development was delayed.,Situation
"I introduced agile development practices.",Action
"The product development was completed on time.",Result
The customer satisfaction ratings were low.,Situation
"I conducted a customer satisfaction survey.",Action
"Customer satisfaction improved.",Result
The market competition was intense.,Situation
"I developed a unique selling proposition.",Action
"The product gained a competitive edge.",Result
The supply chain was inefficient.,Situation
"I optimized the supply chain process.",Action
"Supply chain efficiency improved.",Result
The team's productivity was low.,Situation
"I introduced productivity tools.",Action
"Team productivity increased.",Result
The customer loyalty was declining.,Situation
"I implemented a loyalty program.",Action
"Customer loyalty improved.",Result
The project faced budget constraints.,Situation
"I controlled project expenses.",Action
"The project was completed within budget.",Result
The product design was flawed.,Situation
"I developed a new product design.",Action
"The product design was well-received.",Result
The market demand was uncertain.,Situation
"I conducted a market demand analysis.",Action
"The market demand was clearly understood.",Result
The project milestones were not being met.,Situation
"I restructured the project plan.",Action
"The project milestones were achieved.",Result
The team's goals were not aligned.,Situation
"I facilitated goal-setting sessions.",Action
"The team's goals were aligned.",Result
The software features were outdated.,Situation
"I developed new software features.",Action
"The software features were up-to-date.",Result
The client requirements were evolving.,Situation
"I implemented an agile methodology.",Action
"The project adapted to client requirements.",Result
The sales pipeline was dry.,Situation
"I generated new sales leads.",Action
"The sales pipeline was full.",Result
The product launch was unsuccessful.,Situation
"I developed a relaunch plan.",Action
"The product relaunch was successful.",Result
The customer feedback was not being used.,Situation
"I created a feedback loop.",Action
"Customer feedback was effectively used.",Result
The team's work-life balance was poor.,Situation
"I introduced flexible working hours.",Action
"Work-life balance improved.",Result
The project documentation was lacking.,Situation
"I created comprehensive project documentation.",Action
"The project documentation was complete.",Result
The product development was over budget.,Situation
"I identified cost-saving opportunities.",Action
"The development costs were reduced.",Result
The market research was incomplete.,Situation
"I gathered additional market data.",Action
"The market research was comprehensive.",Result
The team's workload was unbalanced.,Situation
"I redistributed tasks.",Action
"The workload was balanced.",Result
The customer base was shrinking.,Situation
"I implemented a customer acquisition strategy.",Action
"The customer base expanded.",Result
The project's scope was unclear.,Situation
"I defined the project scope clearly.",Action
"The project's scope was well-defined.",Result
The team's skills were outdated.,Situation
"I provided skill development training.",Action
"The team's skills were up-to-date.",Result
The product sales were low.,Situation
"I launched a sales promotion.",Action
"Product sales increased.",Result
The software interface was not intuitive.,Situation
"I redesigned the software interface.",Action
"The software became user-friendly.",Result
The project deadlines were tight.,Situation
"I introduced efficient project management techniques.",Action
"The project was completed on time.",Result
The customer requirements were complex.,Situation
"I broke down the requirements into simpler tasks.",Action
"The requirements were managed effectively.",Result
The product features were not competitive.,Situation
"I added new competitive features.",Action
"The product became more competitive.",Result
The team was facing high turnover.,Situation
"I introduced employee retention programs.",Action
"Turnover rates decreased.",Result
The market conditions were challenging.,Situation
"I developed a strategic response.",Action
"The company thrived despite challenges.",Result
The project scope was constantly changing.,Situation
"I implemented change control processes.",Action
"Scope changes were effectively managed.",Result
The customer complaints were high.,Situation
"I improved the customer service protocol.",Action
"Customer complaints decreased.",Result
The team's deadlines were not being met.,Situation
"I introduced strict deadline policies.",Action
"The team met all future deadlines.",Result
The product packaging was outdated.,Situation
"I created a new packaging design.",Action
"The packaging was well-received.",Result
The market analysis was incomplete.,Situation
"I gathered additional market insights.",Action
"The market analysis was thorough.",Result
The team's skills were not being utilized.,Situation
"I identified and utilized team strengths.",Action
"Team skills were effectively utilized.",Result
The project costs were escalating.,Situation
"I implemented cost control measures.",Action
"The project costs were controlled.",Result
The product demand was fluctuating.,Situation
"I developed a demand stabilization plan.",Action
"Product demand stabilized.",Result
The project communication was poor.,Situation
"I introduced a communication plan.",Action
"Project communication improved.",Result
The customer feedback was not positive.,Situation
"I implemented customer feedback initiatives.",Action
"Customer satisfaction improved.",Result
The project goals were not clear.,Situation
"I facilitated goal-setting sessions.",Action
"The project goals were clear.",Result
The market competition was increasing.,Situation
"I developed a competitive strategy.",Action
"The company gained a competitive edge.",Result
The supply chain was unreliable.,Situation
"I secured reliable suppliers.",Action
"The supply chain became reliable.",Result
The project scope was undefined.,Situation
"I developed a detailed scope document.",Action
"The project scope was well-defined.",Result
The product quality was inconsistent.,Situation
"I implemented quality control measures.",Action
"Product quality became consistent.",Result
The team was lacking motivation.,Situation
"I introduced team incentives.",Action
"Team morale improved.",Result
The customer service ratings were low.,Situation
"I provided customer service training.",Action
"Customer service ratings improved.",Result
The market trends were uncertain.,Situation
"I conducted a market trends analysis.",Action
"The company adapted to market trends.",Result
The project scope was expanding.,Situation
"I implemented scope control measures.",Action
"The project scope was managed.",Result
The team was not meeting performance targets.,Situation
"I introduced performance improvement plans.",Action
"The team met performance targets.",Result
The product development was behind schedule.,Situation
"I introduced agile development practices.",Action
"The product was developed on time.",Result
The customer loyalty was decreasing.,Situation
"I implemented loyalty programs.",Action
"Customer loyalty improved.",Result
The project was over budget.,Situation
"I reviewed and adjusted the budget.",Action
"The project was completed within budget.",Result
The market conditions were unpredictable.,Situation
"I developed a flexible business strategy.",Action
"The company adapted to market conditions.",Result
The team's workload was heavy.,Situation
"I redistributed tasks among team members.",Action
"The workload was balanced.",Result
The product was not meeting expectations.,Situation
"I made necessary product enhancements.",Action
"The product met expectations.",Result
The project's progress was slow.,Situation
"I implemented project acceleration techniques.",Action
"The project was completed on time.",Result
The customer requirements were unclear.,Situation
"I gathered detailed requirements.",Action
"The requirements were clearly defined.",Result
The sales figures were low.,Situation
"I developed a new sales strategy.",Action
"Sales figures improved.",Result
The project team was not performing well.,Situation
"I provided team performance training.",Action
"The team's performance improved.",Result
The product had a high defect rate.,Situation
"I implemented defect reduction measures.",Action
"The defect rate decreased.",Result
The market conditions were challenging.,Situation
"I created a strategic plan.",Action
"The company adapted to market conditions.",Result
The team's goals were not aligned.,Situation
"I facilitated goal-setting sessions.",Action
"The team's goals were aligned.",Result
The project communication was poor.,Situation
"I introduced a communication plan.",Action
"Communication improved.",Result
The product packaging was unappealing.,Situation
"I developed a new packaging design.",Action
"The packaging was well-received.",Result
The project scope was undefined.,Situation
"I created a scope document.",Action
"The project scope was well-defined.",Result
The team's productivity was low.,Situation
"I introduced productivity tools.",Action
"Productivity increased.",Result
The customer satisfaction was low.,Situation
"I conducted a satisfaction survey.",Action
"Satisfaction improved.",Result
The market trends were changing.,Situation
"I conducted trend analysis.",Action
"The company adapted to trends.",Result
The project scope was constantly changing.,Situation
"I implemented change control measures.",Action
"Scope changes were managed.",Result
The team's performance was inconsistent.,Situation
"I introduced performance metrics.",Action
"Performance improved.",Result
The product demand was uncertain.,Situation
"I conducted demand analysis.",Action
"Demand was clearly understood.",Result
The project's scope was expanding.,Situation
"I implemented scope control measures.",Action
"The scope was managed.",Result
The team's goals were unclear.,Situation
"I facilitated goal-setting sessions.",Action
"Goals were clear.",Result
The market conditions were challenging.,Situation
"I developed a strategic response.",Action
"The company thrived.",Result
The product quality was inconsistent.,Situation
"I implemented quality measures.",Action
"Quality was consistent.",Result
The team lacked motivation.,Situation
"I introduced incentives.",Action
"Morale improved.",Result
The customer service was poor.,Situation
"I provided service training.",Action
"Service improved.",Result
The market trends were uncertain.,Situation
"I conducted trend analysis.",Action
"The company adapted.",Result
The project scope was expanding.,Situation
"I implemented measures.",Action
"Scope was managed.",Result
The team's performance was low.,Situation
"I introduced metrics.",Action
"Performance improved.",Result
The demand was uncertain.,Situation
"I conducted analysis.",Action
"Demand was clear.",Result
The scope was unclear.,Situation
"I created a document.",Action
"Scope was clear.",Result
The goals were unclear.,Situation
"I facilitated sessions.",Action
"Goals were clear.",Result
The conditions were challenging.,Situation
"I developed a response.",Action
"The company thrived.",Result
The server was down.,Situation
I fixed the server issues.,Action
The server was back online.,Result
The budget was exceeded.,Situation
I cut unnecessary expenses.,Action
The project stayed within budget.,Result
The client was dissatisfied with the service.,Situation
I revamped the customer service protocols.,Action
Customer satisfaction ratings increased.,Result
The sales numbers were declining.,Situation
I launched a new marketing campaign.,Action
Sales numbers improved.,Result
The project deadline was missed.,Situation
I organized a weekend work session.,Action
The project was back on track.,Result
The website was slow.,Situation
I optimized the website's code.,Action
The website's speed increased.,Result
The product quality was inconsistent.,Situation
I implemented a quality control system.,Action
Product quality became consistent.,Result
The employee turnover rate was high.,Situation
I introduced employee engagement programs.,Action
Turnover rate decreased.,Result
The customer feedback was negative.,Situation
I improved the complaint resolution process.,Action
Customer feedback became positive.,Result
The production line was inefficient.,Situation
I streamlined the production process.,Action
Production efficiency improved.,Result
The software had bugs.,Situation
I debugged the software.,Action
The software ran smoothly.,Result
The project scope was undefined.,Situation
I wrote a detailed project scope document.,Action
The project scope was clear.,Result
The market conditions were tough.,Situation
I developed a new business strategy.,Action
The company navigated the tough market conditions.,Result
The team was not meeting deadlines.,Situation
I introduced a new project management tool.,Action
The team met their deadlines.,Result
The product features were outdated.,Situation
I designed new features.,Action
The product became competitive.,Result
The project was over budget.,Situation
I reviewed the budget and cut unnecessary expenses.,Action
The project stayed within budget.,Result
The team lacked motivation.,Situation
I organized team-building activities.,Action
Team morale improved.,Result
The client's requirements changed frequently.,Situation
I implemented an agile methodology.,Action
The project adapted to the new requirements.,Result
The equipment was outdated.,Situation
"I purchased new, advanced equipment.",Action
Production efficiency improved.,Result
The project milestones were not being met.,Situation
I restructured the project plan.,Action
All milestones were achieved.,Result
The product launch was delayed.,Situation
I expedited the final testing phase.,Action
The product launched on time.,Result
The team had unclear goals.,Situation
I facilitated a goal-setting workshop.,Action
"The team had clear, achievable goals.",Result
The sales targets were missed.,Situation
I developed a new sales strategy.,Action
The sales targets were met.,Result
The customer service was poor.,Situation
"I provided training for the customer service team.",Action
"Customer service ratings improved.",Result
"The software had security vulnerabilities.",Situation
"I implemented security patches.",Action
"The software was secure.",Result
"The client was unhappy with the project outcome.",Situation
"I revised the project deliverables.",Action
"The client was satisfied with the outcome.",Result
"The project documentation was incomplete.",Situation
"I wrote comprehensive project documents.",Action
"The documentation was complete.",Result
"The team was not collaborating well.",Situation
"I introduced collaborative tools and practices.",Action
"Team collaboration improved.",Result
"The product return rate was high.",Situation
"I improved the product quality.",Action
"The return rate decreased.",Result
"The project requirements were unclear.",Situation
"I gathered detailed requirements from stakeholders.",Action
"The requirements were clear.",Result
"The project faced numerous risks.",Situation
"I conducted a thorough risk assessment.",Action
"The risks were managed effectively.",Result
"The product design was flawed.",Situation
"I created a new design.",Action
"The product design was successful.",Result
"The sales team was underperforming.",Situation
"I provided sales training.",Action
"Sales performance improved.",Result
"The website was not user-friendly.",Situation
"I redesigned the website interface.",Action
"The website became user-friendly.",Result
"The market demand was fluctuating.",Situation
"I launched a market stabilization campaign.",Action
"Market demand stabilized.",Result
"The team was frequently missing deadlines.",Situation
"I introduced deadline management strategies.",Action
"The team met their deadlines.",Result
"The product was not meeting customer needs.",Situation
"I conducted a customer needs analysis.",Action
"The product was redesigned to meet needs.",Result
"The team's productivity was low.",Situation
"I implemented productivity tools.",Action
"Team productivity increased.",Result
"The client's expectations were not met.",Situation
"I revised the project plan.",Action
"The client's expectations were met.",Result
"The product was not selling well.",Situation
"I launched a sales promotion.",Action
"Product sales increased.",Result
"The team was lacking direction.",Situation
"I set clear team objectives.",Action
"The team had a clear direction.",Result
"The project scope was constantly changing.",Situation
"I implemented change control processes.",Action
"Scope changes were managed effectively.",Result
"The customer retention rate was low.",Situation
"I developed a customer loyalty program.",Action
"Customer retention improved.",Result
"The project team lacked experience.",Situation
"I provided extensive training sessions.",Action
"The team's performance improved.",Result
"The budget was running out.",Situation
"I obtained extra funding from investors.",Action
"The project continued without financial issues.",Result
"The team was facing burnout.",Situation
"The server was down.",Situation
"The team needed to complete the project on time.",Situation
"The budget was exceeded.",Situation
"The client was dissatisfied with the service.",Situation
"The sales numbers were declining.",Situation
"The project deadline was missed.",Situation
"The website was slow.",Situation
"The product quality was inconsistent.",Situation
"The employee turnover rate was high.",Situation
"The customer feedback was negative.",Situation
"The production line was inefficient.",Situation
"The software had bugs.",Situation
"The project scope was undefined.",Situation
"The market conditions were tough.",Situation
"The team was not meeting deadlines.",Situation
"The product features were outdated.",Situation
"The project was over budget.",Situation
"The team lacked motivation.",Situation
"The client's requirements changed frequently.",Situation
"The equipment was outdated.",Situation
"The project milestones were not being met.",Situation
"The product launch was delayed.",Situation
"The team had unclear goals.",Situation
"The sales targets were missed.",Situation
"The customer service was poor.",Situation
"The software had security vulnerabilities.",Situation
"The client was unhappy with the project outcome.",Situation
"The project documentation was incomplete.",Situation
"The team was not collaborating well.",Situation
"The product return rate was high.",Situation
"The project requirements were unclear.",Situation
"The project faced numerous risks.",Situation
"The product design was flawed.",Situation
"The sales team was underperforming.",Situation
"The website was not user-friendly.",Situation
"The market demand was fluctuating.",Situation
"The team was frequently missing deadlines.",Situation
"The product was not meeting customer needs.",Situation
"The team's productivity was low.",Situation
"The client's expectations were not met.",Situation
"The product was not selling well.",Situation
"The team was lacking direction.",Situation
"The project scope was constantly changing.",Situation
"The customer retention rate was low.",Situation
"The project team lacked experience.",Situation
"The budget was running out.",Situation
"The team was facing burnout.",Situation
"The server was back online.",Result
"The project stayed within budget.",Result
"Customer satisfaction ratings increased.",Result
"Sales numbers improved.",Result
"The project was back on track.",Result
"The website's speed increased.",Result
"Product quality became consistent.",Result
"Turnover rate decreased.",Result
"Customer feedback became positive.",Result
"Production efficiency improved.",Result
"The software ran smoothly.",Result
"The project scope was clear.",Result
"The company navigated the tough market conditions.",Result
"The team met their deadlines.",Result
"The product became competitive.",Result
"The project stayed within budget.",Result
"Team morale improved.",Result
"The project adapted to the new requirements.",Result
"Production efficiency improved.",Result
"All milestones were achieved.",Result
"The product launched on time.",Result
"The team had clear, achievable goals.",Result
"The sales targets were met.",Result
"Customer service ratings improved.",Result
"The software was secure.",Result
"The client was satisfied with the outcome.",Result
"The documentation was complete.",Result
"Team collaboration improved.",Result
"The return rate decreased.",Result
"The requirements were clear.",Result
"The risks were managed effectively.",Result
"The product design was successful.",Result
"Sales performance improved.",Result
"The website became user-friendly.",Result
"Market demand stabilized.",Result
"The team met their deadlines.",Result
"The product was redesigned to meet needs.",Result
"Team productivity increased.",Result
"The client's expectations were met.",Result
"Product sales increased.",Result
"The team had a clear direction.",Result
"Scope changes were managed effectively.",Result
"Customer retention improved.",Result
"The team's performance improved.",Result
"The project continued without financial issues.",Result
"I fixed the server issues.",Action
"I conducted a thorough risk assessment.",Action
"I created a new design.",Action
"I provided sales training.",Action
"I redesigned the website interface.",Action
"I launched a market stabilization campaign.",Action
"I introduced deadline management strategies.",Action
"I conducted a customer needs analysis.",Action
"I implemented productivity tools.",Action
"I revised the project plan.",Action
"I launched a sales promotion.",Action
"I set clear team objectives.",Action
"I implemented change control processes.",Action
"I developed a customer loyalty program.",Action
"I provided extensive training sessions.",Action
"I obtained extra funding from investors.",Action
"I secured additional funding.",Action
"I fixed the server issues.",Action
"I conducted a thorough risk assessment.",Action
"I created a new design.",Action
"I provided sales training.",Action
"I redesigned the website interface.",Action
"I launched a market stabilization campaign.",Action
"I introduced deadline management strategies.",Action
"I conducted a customer needs analysis.",Action
"I implemented productivity tools.",Action
"I revised the project plan.",Action
"I launched a sales promotion.",Action
"I set clear team objectives.",Action
"I implemented change control processes.",Action
"I developed a customer loyalty program.",Action
"I provided extensive training sessions.",Action
"I obtained extra funding from investors.",Action
"I secured additional funding.",Action
"I conducted a thorough risk assessment.",Action
"I created a new design.",Action
"I provided sales training.",Action
"I redesigned the website interface.",Action
"I launched a market stabilization campaign.",Action
"I introduced deadline management strategies.",Action
"I conducted a customer needs analysis.",Action
"I implemented productivity tools.",Action
"I revised the project plan.",Action
"I launched a sales promotion.",Action
"I set clear team objectives.",Action
"I implemented change control processes.",Action
"I developed a customer loyalty program.",Action
"I provided extensive training sessions.",Action
"I obtained extra funding from investors.",Action
"I secured additional funding.",Action
"I conducted a thorough risk assessment.",Action
"I created a new design.",Action
"I provided sales training.",Action
"I redesigned the website interface.",Action
"I launched a market stabilization campaign.",Action
"I introduced deadline management strategies.",Action
"I conducted a customer needs analysis.",Action
"I implemented productivity tools.",Action
"I revised the project plan.",Action
"I launched a sales promotion.",Action
"I set clear team objectives.",Action
"I implemented change control processes.",Action
"I developed a customer loyalty program.",Action
"I provided extensive training sessions.",Action
"I obtained extra funding from investors.",Action
"I secured additional funding.",Action
"The server was down.",Situation
"The team needed to complete the project on time.",Situation
"The budget was exceeded.",Situation
"The client was dissatisfied with the service.",Situation
"The sales numbers were declining.",Situation
"The project deadline was missed.",Situation
"The website was slow.",Situation
"The product quality was inconsistent.",Situation
"The employee turnover rate was high.",Situation
"The customer feedback was negative.",Situation
"The production line was inefficient.",Situation
"The software had bugs.",Situation
"The project scope was undefined.",Situation
"The market conditions were tough.",Situation
"The team was not meeting deadlines.",Situation
"The product features were outdated.",Situation
"The project was over budget.",Situation
"The team lacked motivation.",Situation
"The client's requirements changed frequently.",Situation
"The equipment was outdated.",Situation
"The project milestones were not being met.",Situation
"The product launch was delayed.",Situation
"The team had unclear goals.",Situation
"The sales targets were missed.",Situation
"The customer service was poor.",Situation
"The software had security vulnerabilities.",Situation
"The client was unhappy with the project outcome.",Situation
"The project documentation was incomplete.",Situation
"The team was not collaborating well.",Situation
"The product return rate was high.",Situation
"The project requirements were unclear.",Situation
"The project faced numerous risks.",Situation
"The product design was flawed.",Situation
"The sales team was underperforming.",Situation
"The website was not user-friendly.",Situation
"The market demand was fluctuating.",Situation
"The team was frequently missing deadlines.",Situation
"The product was not meeting customer needs.",Situation
"The team's productivity was low.",Situation
"The client's expectations were not met.",Situation
"The product was not selling well.",Situation
"The team was lacking direction.",Situation
"The project scope was constantly changing.",Situation
"The customer retention rate was low.",Situation
"The project team lacked experience.",Situation
"The budget was running out.",Situation
"The team was facing burnout.",Situation
"The server was back online.",Result
"The project stayed within budget.",Result
"Customer satisfaction ratings increased.",Result
"Sales numbers improved.",Result
"The project was back on track.",Result
"The website's speed increased.",Result
"Product quality became consistent.",Result
"Turnover rate decreased.",Result
"Customer feedback became positive.",Result
"Production efficiency improved.",Result
"The software ran smoothly.",Result
"The project scope was clear.",Result
"The company navigated the tough market conditions.",Result
"The team met their deadlines.",Result
"The product became competitive.",Result
"The project stayed within budget.",Result
"Team morale improved.",Result
"The project adapted to the new requirements.",Result
"Production efficiency improved.",Result
"All milestones were achieved.",Result
"The product launched on time.",Result
"The team had clear, achievable goals.",Result
"The sales targets were met.",Result
"Customer service ratings improved.",Result
"The software was secure.",Result
"The client was satisfied with the outcome.",Result
"The documentation was complete.",Result
"Team collaboration improved.",Result
"The return rate decreased.",Result
"The requirements were clear.",Result
"The risks were managed effectively.",Result
"The product design was successful.",Result
"Sales performance improved.",Result
"The website became user-friendly.",Result
"Market demand stabilized.",Result
"The team met their deadlines.",Result
"The product was redesigned to meet needs.",Result
"Team productivity increased.",Result
"The client's expectations were met.",Result
"The quarterly financial reports indicated a significant drop in revenue, which concerned the stakeholders.",Situation
"The project team was consistently missing important deadlines, causing delays in the overall project timeline.",Situation
"Customer complaints were increasing due to frequent product defects, affecting the company's reputation.",Situation
"The marketing campaign failed to attract the target audience, resulting in lower engagement rates.",Situation
"The company's server infrastructure was unable to handle the sudden surge in user traffic, leading to frequent downtimes.",Situation
"The supply chain disruptions caused by unforeseen global events led to shortages of key materials.",Situation
"The customer service team was overwhelmed with inquiries and could not keep up with the response times.",Situation
"The sales team struggled to meet their quarterly targets due to stiff competition from emerging brands.",Situation
"The project scope was continuously expanding without corresponding increases in resources or time.",Situation
"The software's user interface was outdated, leading to a poor user experience and high abandonment rates.",Situation
"The team was experiencing high turnover rates, which disrupted workflow and continuity.",Situation
"Unexpected regulatory changes required the company to quickly adapt its compliance strategies.",Situation
"The data analysis revealed several inconsistencies in the reporting methods used by different departments.",Situation
"The company's existing IT infrastructure was not scalable, posing challenges as the business grew.",Situation
"Market research showed a declining interest in the company's core product offerings.",Situation
"The product development cycle was too long, resulting in missed market opportunities.",Situation
"Customer feedback indicated dissatisfaction with the current features of the mobile app.",Situation
"The budget for the new project was cut by 20%, leading to resource constraints.",Situation
"The team lacked the necessary skills to complete the project on time, causing delays.",Situation
"The competitive landscape was changing rapidly, making it difficult for the company to maintain its market position.",Situation
"Rising operational costs were putting pressure on the company's profit margins.",Situation
"The partnership with a major supplier was terminated, affecting the production schedule.",Situation
"The project was experiencing scope creep, with additional features being added continuously.",Situation
"Technical issues during the product launch caused frustration among early adopters.",Situation
"Employee engagement surveys showed low morale and job satisfaction across the board.",Situation
"The company faced legal challenges due to non-compliance with new industry regulations.",Situation
"The marketing team was not effectively communicating the product's value proposition.",Situation
"The project manager left the company abruptly, creating a leadership vacuum.",Situation
"Supply chain inefficiencies were causing delays in product delivery to customers.",Situation
"The project failed to secure the necessary funding, halting progress.",Situation
"The company's brand image was tarnished due to a recent public relations crisis.",Situation
"Internal communication breakdowns led to misunderstandings and project delays.",Situation
"The software was incompatible with several key systems used by clients.",Situation
"Customer satisfaction surveys revealed widespread dissatisfaction with the recent service changes.",Situation
"The company was not leveraging data analytics effectively to drive business decisions.",Situation
"The existing marketing strategies were outdated and not resonating with the current market trends.",Situation
"The team faced challenges in aligning their goals with the overall company strategy.",Situation
"The product testing phase revealed several critical bugs that needed immediate attention.",Situation
"The project timeline was unrealistic, putting pressure on the team to deliver quickly.",Situation
"The company faced backlash from customers due to a controversial policy change.",Situation
"I implemented a new quality assurance process to address the frequent product defects.",Action
"I organized regular team meetings to improve communication and ensure everyone was aligned with the project goals.",Action
"The IT department upgraded the server infrastructure to handle higher user traffic and reduce downtimes.",Action
"I developed a comprehensive marketing strategy to better engage the target audience.",Action
"I coordinated with the supply chain team to mitigate the impact of global disruptions on material availability.",Action
"I launched a training program to enhance the skills of the customer service team.",Action
"I negotiated with key stakeholders to secure additional resources for the expanding project scope.",Action
"I redesigned the software's user interface to improve the user experience.",Action
"I initiated a recruitment drive to fill the gaps caused by high turnover rates.",Action
"I worked closely with the compliance team to adapt to new regulatory changes.",Action
"I standardized the reporting methods across departments to ensure data consistency.",Action
"I proposed a scalable IT infrastructure plan to support the company's growth.",Action
"I spearheaded a market research initiative to identify new product opportunities.",Action
"I streamlined the product development cycle to bring new products to market faster.",Action
"I gathered extensive customer feedback to identify areas for improvement in the mobile app.",Action
"I reallocated the project budget to manage the reduced funding more effectively.",Action
"I organized skill development workshops to equip the team with the necessary competencies.",Action
"I conducted a competitive analysis to better understand the changing market dynamics.",Action
"I implemented cost-saving measures to address rising operational costs.",Action
"I secured alternative suppliers to mitigate the impact of the terminated partnership.",Action
"I enforced stricter project management controls to prevent scope creep.",Action
"I deployed a dedicated technical support team to address issues during the product launch.",Action
"I launched an employee engagement program to boost morale and job satisfaction.",Action
"I led a compliance overhaul to ensure adherence to new industry regulations.",Action
"I refined the marketing message to clearly communicate the product's value proposition.",Action
"I stepped in as interim project manager to fill the leadership gap.",Action
"I optimized the supply chain processes to reduce delays in product delivery.",Action
"I pitched the project to potential investors to secure the necessary funding.",Action
"I managed the public relations efforts to restore the company's brand image.",Action
"I implemented a new internal communication strategy to reduce misunderstandings.",Action
"I developed a software patch to address compatibility issues with client systems.",Action
"I launched a customer satisfaction improvement plan in response to survey feedback.",Action
"I set up a data analytics team to better leverage business insights.",Action
"I overhauled the marketing strategies to align with current market trends.",Action
"I facilitated a goal-setting workshop to align team objectives with company strategy.",Action
"I led an intensive bug-fixing sprint to resolve critical issues in the product.",Action
"I revised the project timeline to make it more realistic and achievable.",Action
"I worked on a crisis management plan to address customer backlash.",Action
"The new quality assurance process significantly reduced the number of product defects.",Result
"The regular team meetings improved communication and alignment, leading to smoother project execution.",Result
"The upgraded server infrastructure handled higher user traffic seamlessly, eliminating downtimes.",Result
"The comprehensive marketing strategy increased target audience engagement and sales.",Result
"The coordinated efforts with the supply chain team ensured material availability despite global disruptions.",Result
"The training program enhanced the customer service team's skills, improving response times.",Result
"The additional resources secured for the project scope allowed for successful completion of new features.",Result
"The redesigned software user interface led to a better user experience and higher user retention.",Result
"The recruitment drive filled key positions, stabilizing team dynamics and productivity.",Result
"The company's compliance strategies were updated, ensuring adherence to new regulations.",Result
"The standardized reporting methods provided consistent and accurate data for decision-making.",Result
"The scalable IT infrastructure supported the company's growth without performance issues.",Result
"The market research initiative identified new product opportunities, leading to the development of innovative offerings.",Result
"The streamlined product development cycle reduced time-to-market, capturing new market opportunities.",Result
"The customer feedback-driven improvements in the mobile app increased user satisfaction.",Result
"The reallocated project budget allowed the project to proceed efficiently despite the funding cuts.",Result
"The skill development workshops equipped the team with necessary competencies, enhancing project performance.",Result
"The competitive analysis provided insights that helped the company maintain its market position.",Result
"The cost-saving measures implemented reduced operational costs, improving profit margins.",Result
"The alternative suppliers secured ensured uninterrupted production despite the partnership termination.",Result
"The stricter project management controls prevented scope creep, keeping the project on track.",Result
"The dedicated technical support team quickly resolved issues during the product launch, improving customer satisfaction.",Result
"The employee engagement program boosted morale, leading to higher productivity and job satisfaction.",Result
"The compliance overhaul ensured the company met all new industry regulations, avoiding legal issues.",Result
"The refined marketing message effectively communicated the product's value proposition, boosting sales.",Result
"The interim project manager stabilized the project, ensuring its successful continuation.",Result
"The optimized supply chain processes reduced delays, improving delivery times.",Result
"The pitch to investors secured the necessary funding, allowing the project to continue.",Result
"The public relations efforts successfully restored the company's brand image.",Result
"The new internal communication strategy reduced misunderstandings and improved team collaboration.",Result
"The software patch resolved compatibility issues, leading to higher client satisfaction.",Result
"The customer satisfaction improvement plan addressed survey feedback, increasing satisfaction ratings.",Result
"The data analytics team provided valuable business insights, driving better decision-making.",Result
"The overhauled marketing strategies resonated with the market, increasing sales.",Result
"The goal-setting workshop aligned team objectives with company strategy, enhancing performance.",Result
"The bug-fixing sprint resolved critical issues, improving the product's stability.",Result
"The revised project timeline was more realistic, reducing pressure on the team and improving outcomes.",Result
"The crisis management plan effectively addressed customer backlash, restoring trust.",Result
"The team faced significant challenges due to the outdated technology stack, which was not compatible with modern software solutions.",Situation
"The company's rapid expansion led to logistical issues, including inventory shortages and delivery delays.",Situation
"The unexpected resignation of the project lead caused confusion and disorganization within the team.",Situation
"Customer surveys revealed widespread dissatisfaction with the recent price increase.",Situation
"The competition launched a similar product at a lower price, affecting our market share.",Situation
"Frequent power outages at the data center disrupted our online services, leading to customer complaints.",Situation
"The regulatory environment became stricter, requiring more comprehensive compliance measures.",Situation
"The company's marketing campaigns were not generating sufficient leads, impacting sales growth.",Situation
"The lack of a clear project plan resulted in missed deadlines and budget overruns.",Situation
"Customer support was overwhelmed by the volume of inquiries following the product launch.",Situation
"The product development process was hindered by a lack of collaboration between departments.",Situation
"The company's financial performance was negatively impacted by fluctuating exchange rates.",Situation
"The product design did not meet user expectations, resulting in high return rates.",Situation
"Supply chain disruptions caused delays in the delivery of essential components.",Situation
"The project scope was not well-defined, leading to frequent changes and confusion among team members.",Situation
"Customer loyalty was declining due to a perceived lack of innovation in our product line.",Situation
"The team's productivity was hampered by frequent software crashes and technical issues.",Situation
"The company's public image suffered after a controversial social media post.",Situation
"Employee satisfaction surveys indicated low morale and a lack of engagement.",Situation
"The product launch event was poorly attended, raising concerns about its market impact.",Situation
"The project faced significant risks due to unreliable third-party vendors.",Situation
"The company's internal communication channels were ineffective, leading to misunderstandings and delays.",Situation
"Customer data was compromised due to a security breach, causing widespread concern.",Situation
"The marketing department struggled to create content that resonated with the target audience.",Situation
"The production line was halted due to equipment failure, affecting output.",Situation
"The company's strategic goals were not clearly communicated, resulting in misaligned efforts.",Situation
"The product's complex user interface led to high abandonment rates.",Situation
"Financial audits revealed discrepancies in the company's accounting practices.",Situation
"The customer service team lacked adequate training, leading to poor service quality.",Situation
"Project dependencies were not properly managed, causing delays in critical tasks.",Situation
"The product's packaging was not environmentally friendly, attracting negative attention.",Situation
"The team struggled with time management, resulting in overtime and burnout.",Situation
"The company's expansion into new markets was hampered by regulatory challenges.",Situation
"Customer engagement on social media platforms was low, affecting brand visibility.",Situation
"The project suffered from scope creep, with additional features being added continuously.",Situation
"Technical debt accumulated over time, slowing down new feature development.",Situation
"The company's hiring process was inefficient, leading to prolonged vacancies in key roles.",Situation
"The product failed to meet industry standards, affecting its acceptance.",Situation
"The team encountered unexpected technical challenges during the integration phase.",Situation
"The company's response to customer complaints was slow, damaging its reputation.",Situation
"I initiated a cross-departmental collaboration program to enhance communication and streamline processes.",Action
"I implemented an advanced inventory management system to address logistical issues.",Action
"I organized a series of training workshops to bring the team up to speed with the latest technology.",Action
"I developed a strategic plan to counteract the impact of the competitor's pricing strategy.",Action
"I led a project to upgrade the data center infrastructure to prevent future outages.",Action
"I worked with the compliance team to navigate the new regulatory requirements.",Action
"I launched a targeted marketing campaign to generate more leads and boost sales.",Action
"I created a detailed project plan to ensure deadlines were met and budgets adhered to.",Action
"I hired additional customer support staff to handle the influx of inquiries post-launch.",Action
"I facilitated interdepartmental meetings to foster better collaboration during product development.",Action
"I implemented a hedging strategy to mitigate the impact of fluctuating exchange rates.",Action
"I led a redesign of the product to better meet user expectations and reduce return rates.",Action
"I diversified the supplier base to reduce the impact of supply chain disruptions.",Action
"I clearly defined the project scope and communicated it to all team members.",Action
"I introduced new features to the product line to enhance customer loyalty.",Action
"I upgraded the software infrastructure to improve stability and productivity.",Action
"I managed the company's public relations efforts to repair its damaged image.",Action
"I launched an employee engagement initiative to boost morale and satisfaction.",Action
"I organized a follow-up event to increase the impact of the product launch.",Action
"I conducted a thorough vendor assessment to mitigate project risks.",Action
"I streamlined internal communication channels to improve efficiency and clarity.",Action
"I led a cybersecurity overhaul to protect customer data and restore trust.",Action
"I created compelling marketing content tailored to the target audience's interests.",Action
"I scheduled regular maintenance for the production equipment to prevent failures.",Action
"I clearly communicated the company's strategic goals to align team efforts.",Action
"I simplified the product's user interface to enhance user experience.",Action
"I corrected the accounting discrepancies found during the financial audits.",Action
"I developed a comprehensive training program for the customer service team.",Action
"I implemented a project management tool to better manage dependencies and timelines.",Action
"I redesigned the product packaging to be more environmentally friendly.",Action
"I introduced time management training to help the team avoid burnout.",Action
"I worked with legal experts to overcome regulatory challenges in new markets.",Action
"I created a social media engagement plan to boost brand visibility.",Action
"I enforced stricter project controls to prevent scope creep.",Action
"I prioritized technical debt reduction to speed up new feature development.",Action
"I overhauled the hiring process to reduce vacancy times in key roles.",Action
"I led a quality assurance initiative to ensure the product met industry standards.",Action
"I organized a troubleshooting session to address the technical challenges during integration.",Action
"I improved the customer service response time to enhance the company's reputation.",Action
"The cross-departmental collaboration program significantly improved communication and process efficiency.",Result
"The advanced inventory management system resolved logistical issues, ensuring timely deliveries.",Result
"The training workshops enhanced the team's skills, enabling them to work with the latest technology.",Result
"The strategic plan helped counteract the competitor's pricing strategy, stabilizing market share.",Result
"The upgraded data center infrastructure prevented future outages, ensuring consistent service.",Result
"The compliance team's efforts ensured adherence to new regulatory requirements, avoiding legal issues.",Result
"The targeted marketing campaign generated a significant increase in leads and sales.",Result
"The detailed project plan ensured all deadlines were met and the project stayed within budget.",Result
"The additional customer support staff improved response times and customer satisfaction post-launch.",Result
"The interdepartmental meetings fostered better collaboration, speeding up product development.",Result
"The hedging strategy mitigated the impact of fluctuating exchange rates on the company's finances.",Result
"The redesigned product met user expectations, leading to lower return rates.",Result
"The diversified supplier base reduced the impact of supply chain disruptions, ensuring steady production.",Result
"The clearly defined project scope prevented confusion and kept the team focused.",Result
"The new product features enhanced customer loyalty, increasing repeat business.",Result
"The upgraded software infrastructure improved system stability and team productivity.",Result
"The public relations efforts repaired the company's image, restoring customer trust.",Result
"The employee engagement initiative boosted morale, leading to higher job satisfaction.",Result
"The follow-up event increased the product launch's market impact.",Result
"The thorough vendor assessment reduced project risks, ensuring smooth execution.",Result
"The streamlined internal communication channels improved efficiency and reduced misunderstandings.",Result
"The cybersecurity overhaul protected customer data, restoring trust and security.",Result
"The compelling marketing content resonated with the target audience, increasing engagement.",Result
"The regular maintenance schedule prevented production equipment failures, maintaining output levels.",Result
"The clear communication of strategic goals aligned team efforts, enhancing overall performance.",Result
"The simplified user interface led to a better user experience and higher satisfaction rates.",Result
"The corrected accounting discrepancies ensured accurate financial reporting.",Result
"The comprehensive training program improved customer service quality.",Result
"The project management tool helped manage dependencies and timelines effectively, preventing delays.",Result
"The environmentally friendly packaging design attracted positive attention.",Result
"The time management training reduced burnout and increased productivity.",Result
"The legal experts' assistance enabled smooth regulatory compliance in new markets.",Result
"The social media engagement plan boosted brand visibility and customer interaction.",Result
"The stricter project controls prevented scope creep, keeping the project on track.",Result
"The technical debt reduction efforts sped up the development of new features.",Result
"The overhauled hiring process reduced vacancy times, filling key roles more quickly.",Result
"The quality assurance initiative ensured the product met industry standards, gaining market acceptance.",Result
"The troubleshooting session resolved technical challenges, facilitating smooth integration.",Result
"The improved customer service response time enhanced the company's reputation, increasing customer loyalty.",Result
"The software we were using before unexpectedly changed their pricing model, which made it too expensive for us.",Situation
"The first thing I did was ask our sales associates what the number one problem was with our current CRM, so I knew what to look for in a new one aside from the price factor.",Action
"Finally, we managed to complete the transfer 1 week behind the deadline.",Result
"When I was a manager at Cafe X, we would always get a lot more customers than usual during the summer.",Situation
"For the next summer, I had a very strict shift schedule ready, and a reward system in case someone couldnt show up for their shift.",Action
"Overall, the summer went pretty smoothly with minimal accidents.",Result
"While studying, I also had to work to pay for the university.",Situation
"Through hard work and dedication, I managed to balance studying, a part-time job, and all extracurricular activities.",Action
"In the end, I graduated with a 3.7 GPA, no student loans, and a personal design portfolio which landed me my first real job at Company X within a month of graduating.",Result
"During my internship at Company X, my team and I were supposed to work together and brainstorm new talent sourcing ideas for a client.",Situation
"We decided to bring in an unbiased third party who didn't have any emotional investment here.",Action
"We finished the meeting in approx. 2 hours, and the management had 3 awesome ideas they could pitch to the client.",Result
"One time, while preparing for a presentation at a conference for Company X, one of our guest speakers had to unexpectedly cancel due to an emergency.",Situation
"I had sent out a candidate over to a client and the hiring manager had rejected him based on CV alone.",Situation
"I contacted my candidate, I got exact and thorough information on his experience with X, Y and Z, wrote it all out in an email and obviously with a very calm and professional tone explained to our clients hiring manager that my candidate did in fact have experience in all areas pointed out, proven by this and that project, etc.",Action
"He responded, agreed that the candidate did in fact have the required experience and admitted that it was an error on their end.",Result
"Around 2 weeks into the project, we realized we were off by at least a month, as we would have to hand-code a bunch of stuff that we thought was open source or sold as packaged plugins.",Situation
"I then assembled our web developers and started working hard on the project the very next day.",Action
"In the end, their site was a success and I learned a valuable lesson on managing expectations.",Result
"Recently, when I was serving a customer behind the checkout, I had a customer shout at me for not being eligible for a refund.",Situation
"I asked my colleague to take over for me so that I could talk to the customer one-on-one and better explain the situation.",Action
"In the end, he began to calm down and accepted my explanation.",Result
"When I was working at Company X, we were preparing for a video presentation for a client when I learned that someone on their team was deaf.",Situation
"In the end, the client enjoyed the presentation.",Result
"I was charged by the CMO to take over the blog and create content.",Situation
"I explained the situation to the CMO, and we came up with an alternative solution.",Action
"Overall, we ended up hiring a content writer, who managed to pump out the 4 articles before the deadline.",Result